{
	"class_name" : "PinholeCameraParameters",
	"extrinsic" : 
	[
		-0.093365029795071969,
		-0.87599294936267569,
		0.47320114526303308,
		0.0,
		-0.99314602206291247,
		0.11550570751466303,
		0.017872056181373507,
		0.0,
		-0.070313228285852292,
		-0.4682892099957226,
		-0.88077310683830701,
		0.0,
		8.2110203135090067,
		15.476722335707569,
		30.051320832078289,
		1.0
	],
	"intrinsic" : 
	{
		"height" : 1216,
		"intrinsic_matrix" : 
		[
			1053.0868910018773,
			0.0,
			0.0,
			0.0,
			1053.0868910018773,
			0.0,
			967.5,
			607.5,
			1.0
		],
		"width" : 1936
	},
	"version_major" : 1,
	"version_minor" : 0
}