{
	"class_name" : "PinholeCameraParameters",
	"extrinsic" : 
	[
		-0.28629410306340763,
		-0.69998424656373071,
		0.6542612177973911,
		0.0,
		-0.9580342134611558,
		0.19890068754329693,
		-0.20641938458552878,
		0.0,
		0.014357311342434509,
		-0.68590128375547599,
		-0.72755295103078688,
		0.0,
		4.4000443202680035,
		9.7872985571518125,
		12.022639069358279,
		1.0
	],
	"intrinsic" : 
	{
		"height" : 1216,
		"intrinsic_matrix" : 
		[
			1053.0868910018773,
			0.0,
			0.0,
			0.0,
			1053.0868910018773,
			0.0,
			967.5,
			607.5,
			1.0
		],
		"width" : 1936
	},
	"version_major" : 1,
	"version_minor" : 0
}